sentiment,content
Positive,al thumama stadium hosts fan leaders moroccan team
Positive,qatar becomes open museum preparation fifa world cup qatar 2022
Positive,fifa trade nfts historic plays ahead 2022 world cup clips historic soccer moments connected algorands blockchain launched ahead qatar 2022 world cup
Positive,argentina goes crazy release panini official qatar 2022 world cup sticker album first day pre sale stock sold hour release day one shop sold 12 000 packets 60 minutes
Positive,minister municipality world cup qatar 2022 contributes building lasting legacy achieve sustainable development
Positive,fleet available challenger rent car amp limousine
Neutral,fifa world cup qatar 2022 countdown 78 days kicks
Positive,hosted special event leaders moroccan national team fans al thumama stadium part promotional programmes world cup qatar 2022 finals
Positive,efforts promote culture visual arts community every part country preparation hosting prominent event fifa world cup qatar 2022 begins nov 20 2022
Negative,qatar world cup killing nepali workers
Neutral,fifa world cup qatar 2022 promising players
Negative,bloody hell think qatari may built many stadiums world cup
Positive,aussie fans travel numbers qatar 2022 fifa world cup qatar 2022 months away excitement building ahead first edition tournament middle east arab world like share follow us tag friends
Neutral,fifa world cup qatar2022 everything need know qatar country 2022 fifa world cup
Positive,2022 fifa world cup trophy landed ghana fifa world cup qatar 2022 let go
Neutral,predict france win world cup 2022
Neutral,fifa world cup qatar 2022 live host guests join discuss trophy arrival
Positive,fifa world cup volunteers kick training lusail stadium considered largest fifa world cup qatar 2022 venues capacity 80 000 fans 20 000 volunteers
Positive,courts fiji launches hisense fifa world cup qatar 2022 promotion
Positive,volunteers play significant role upcoming would like wish best proud fact mix best luck guys
Positive,qatar 2022 volunteers orientation program almost 20000 volunteers joined celebrated together bangladesh community qatar volunteer members picture
Neutral,qatar 2022 watch australia upcoming fifa world cup matches
Negative,know world cup stadiums qatar built corpses workers accept partner crime shame every journalist participates event
Positive,fifa partnered algorand deliver nfts represent special moments fifa world cup qatar 2022
Positive,evertons star andros townsend praises qatars preparations world cup
Negative,number local farmers stressed set intensify efforts increase production various vegetables cater expected higher demand fifa world cup qatar 2022
Positive,kuwait airways announces 13 daily flights doha early stages fifa world cup
Negative,seems like working together make next world cup ugliest awful kits clearly winner next
Positive,smart move great decision specifically remaining nearly 75 days fifa world cup qatar 2022 also whether getting nice
Negative,estimated 6500 migrant workers died construction stadiums facilities fuck right rotten corrupt bastards
Positive,79 days go fans booked match tickets hayya card delivery started excitement getting bigger day day beautiful game bring football fans world back together global pandemic
Positive,five world cup stadiums earn 5 stargsas sustainability rating cup 2022
Positive,love seeing two favourite things come together football algo keep good news coming
Negative,fifa world cup start 79 days qatar giwerzew shown glamorous side country became clear human rights still violated workers still exploited matches
Positive,fifa world cup qatar 2022 fun facts know winning country world cup receives gold plated replica solid gold trophy player team team receives medal
Positive,qatar airways kicks upbeat fifa world cup qatar 2022 campaign unite football fans music innovation
Positive,fifa world cup trophy arrived tehran promotional tour part 32 countries qualified world cup finals cup 2022
Positive,qatar airways kicks fifa world cup qatar 2022 campaign fans invited step qatar airways virtual reality experience compete online game win fifa world cup package qatar airways kicks fifa world cup qatar 2022 campaign
Positive,tickets available first come first served basis book tickets
Positive,mcdonald fifa sponsors world cup qatar 2022 mcdonald biggest fast food company world fifa sponsor qatar 2022 world cup continuing agreement began 2018 russia
Neutral,countdown 2022 fifa world cup 80 days left go excited
Negative,advance qatar 2022 working closely states region help assure optimization flow significant international air traffic expected small update recent developments
Neutral,unveils home away kits argentina germany three teams check kits
Neutral,central film qatar 2022 followed activity focused fan rituals
Positive,get ready rock history made records broken legends shall rise journey greatest show earth awaits
Positive,brand new arrived fifa world cup qatar 2022 sticker albums stickers start collection bulstrodes
Negative,embarrassing ever rooms airport slots open borders holidays residence host country amateur photoshop de de
Positive,yaay got hayya card super excited fifa world cup qatar 2022 2022
Negative,checking fifa account tickets like parent checking sleeping infant seat assignment match thus far
Negative,monday get ready light hearted must guide looks everything human rights issues cost pint game
Positive,restaurant groups preparing fifa world cup qatar 2022 caterer middle east
Positive,national teams eliminated group stage next fifa world cup qatar 2022 receive sum 10 5m comprising 2 5m participation fees 8m group stage
Positive,best fifa world cup qatar 2022 action astro
Neutral,fifa world cup qatar 2022 countdown 79 days kicks
Positive,official sponsor fifa world cup qatar 2022 also offering customers exclusive chance win tickets fifa world cup qatar 2022 matches offers applicable 30th august 2022 18th september 2022
Positive,best fifa world cup qatar 2022 action astro lt content data gt sports pack customers get complimentary access qatar 2022
Positive,journey begun next stop greatest football event earth fifa world cup qatar 2022
Positive,kuwait airways announced would operate 13 daily flights doha transport football fans attending fifa world cup qatar 2022 number flights would decrease tournament progresses
Negative,love football hate injustice modern football
Neutral,fifa world cup qatar 2022 countdown 80 days kicks
Positive,stadiums earning gsas added records success director stadium 974
Positive,supreme committee delivery amp legacy sc launched qatar media portal new digital platform give media broadcasters attending fifa world cup qatar 2022
Negative,turning first anti fan world cup everyone going get tested dubai going qatar game guaranteed miss game days dubai amp travelling plane doha
Positive,kuwait airways announces operation 13 commercial flights daily qatari capital doha transport fans wishing attend fifa world cup qatar 2022 matches cup 2022
Positive,new software surely able enjoy uhd 8k broadcasts fifa world cup qatar 2022
Neutral,fifa world cup qatar 2022 fun facts know world cup prestigious football tournament world played every four years
Negative,advance fifa qatar 2022 icao working closely states region help assure optimization flow significant international air traffic expected small update recent developments
Positive,journey begun next stop greatest football event earth 2022
Positive,fifa world cup qatar 2022 director stadium 974 speaking qna stadiums earning gsas added records success
Positive,excited events happening world cup
Positive,fifa world cup vip hospitality pavilion sold qatar 2022 2 1m
Negative,forget airbnb normal accommodation rent expats become unaffordable cost living last months become unbearable expats
Negative,panini fifa world cup qatar 2022 stickers pick choose missing numbers via uk
Positive,im back help people complete panini fifa world cup qatar 2022 sticker albums updating profile pic banner asap spread word
Positive,excited visit cool stadium cant believe im coming
Positive,celebrity photographer rohan shrestha wait experience fifa world cup join amp experience thrill football contact us official hospitality packages
Neutral,fifa world cup final tickets sale
Negative,smoking guns tobacco fifa world cup qatar 2022
Positive,great see official launch fifa world cup qatar 2022 take place today
Neutral,remember official launch fifa world cup qatar 2022 take place today
Negative,world cup fans unprepared dangers
Negative,flow air traffic part middle east sometimes busiest earth coincidence establishment new doha fir take place months fifa world cup qatar 2022 skies even busier
Positive,974 first fully demountable tournament stadium world cup history stadium awarded five star rating design amp build class rating gsas construction management
Neutral,david beckham backlash qatar 2022 fifa world cup video
Negative,claim lost baggage doha airport
Positive,qiib visa launch fifa world cup qatar 2022 promotional campaign
Negative,uba offers expense paid trip fifa world cup qatar 2022
Negative,doesnt get much better
Positive,elegant poetic display completed away kit unveiled features return another classic red white jersey history amp culture theme 2022 wc
Positive,fifa world cup qatar 2022 stadium 974 earns five star sustainability rating
Positive,doubt amazing unique world cup simply wait board fight
Positive,ambassador rap artist social media star wessam qutob excited share qatar fifa world cup journey millions followers
Positive,hoteliers travel agencies say move introduce multiple entry tourist visa fans attending world cup 2022 give massive boost tourism country
Negative,fake website roaming internet making people think purchase tickets
Neutral,fifa world cup qatar 2022 countdown 81 days kicks
Positive,qatar fifa world cup venue stadium 974 receives 5 star rating design build class rating construction management per global sustainability assessment system gsas wednesday eight fifa world cup qatar 2022 venues gsas certified
Positive,fifa world cup qatar 2022 fun facts know winning country world cup receives gold plated replica solid gold trophy player team receives medal
Positive,vivo official smartphone fifa world cup qatar 2022 let us accompany every glorious moment fifa world cup qatar 2022
Negative,way buy tickets fifa world cup qatar 2022 via official fifa world cup website worldwide demand expected high fraudsters looking take advantage unsuspecting fans
Negative,uba offers expense paid trip fifa world cup qatar 2022 sun nigeria
Negative,four qatar 2022 fifa world cup sponsors addressing migrant worker risk read demarco
Negative,world cup windfall uae woos football fans multi entry visas read
Negative,every four years panini creates sticker album fifa world cup soccer fans thrilled getting scammed online fake qatar 2022 albums
Positive,uae announces multi entry tourist visa fifa world cup qatar 2022
Positive,hosting fifa world cup helping qatar efforts empower women
Positive,uae announces multiple entry tourist visa people attending fifa world cup qatar 2022
Negative,love football hate injustice modern football via time losers
Neutral,fifa world cup qatar 2022 countdown 82 days kicks
Positive,count till 22 lusail capacity 86 000 spectators built host match open close 2022 wc finals modern technology 2022
Positive,architect luke fox lusail stadium expresses image creativity innovation
Negative,buy fifa world cup qatar 2022 tickets get reality check humanity religion
Positive,director general organization committed working state qatar fifa harness global power football help people live healthier lives fifa world cup qatar 2022 cup 2022
Positive,working closely help make global celebration football beacon health safety ensuring stadiums smoke free banning types tobacco marketing
Positive,fifa world cup approaches business jet operators experiencing increased demand ground handling arrangements transfer services hotel accommodations private jet charters passengers
Neutral,adidas reveals home away federation kits created national teams argentina germany japan mexico spain worn world biggest sporting stage fifa world cup 2022
Neutral,82 days qatar 2022 fifa world cup follow link know world cup tournament organized fifa
Positive,country continues prepare hosting fifa world cup qatar 2022 tourism sector state risen loosening travel restrictions across country according latest quarterly report qatar
Positive,luxury car rentals limousine companies leveraged fifa world cup qatar 2022 grow business several offers visiting fans planning host friends family
Positive,world cup fever spreads qatar middle east tourism boom
Neutral,250 pack might win either fifa world cup qatar 2022 game tickets flights qatar player stickers lmk
Positive,public works authority completed 2km rainwater drainage network works around al arabi sports club one training venues fifa world cup qatar 2022 teams
Positive,moph qatar minister world cup platform promote health qatar world
Positive,minister public health world cup platform promote health qatar world cup 2022
Positive,months go supreme committee delivery amp legacy met saudi fans riyadh discuss process booking accommodation issuing hayya card
Neutral,83 days fifa world cup qatar 2022
Negative,hayya card meaning lets go arabic soon offer facilitated exceptional access unlocking regions riches fans
Neutral,lionel messi sports argentinas new away jersey 2022 fifa world cup qatar see pics
Neutral,never easy represent country world cup time absolute nightmare marginal player likely play bow jordan firmino maybe fabinho others sit fifa
Neutral,home away jerseys qatar 2022 fifa world cup
Negative,lets talk ban sex world cup full story
Neutral,hope paid 40 million dollar fee advance byju becomes official sponsor fifa world cup qatar 2022
Neutral,countdown qatar 2022 fifa world cup 83 days go 1958 fifa world cup hosted sweden first time italy failed qualify world cup failed qualify consecutively last 2 editions 2018 russia n qatar 2022
Negative,design concept cans inspired qatar 2022 think design impression disclaimer images used commercial use used fair usage policy purpose post demonstration creativity
Positive,supreme committee delivery amp legacy aspire katara hospitality inviting food beverage businesses qatar deliver concession stands host locations qatar 2022
Negative,minimum 120 maximum likelihood region one thousand pounds panini massively profiting fifas corrupt decision hold bunch worms
Negative,four 19 sponsors qatar 2022 fifa world cup engaged risk migrant workers involved tournament companies mcdonalds visa crypto failing disclose information human rights
Negative,sc organizes workshop riyadh familiarize saudi fans procedures fifa world cup qatar 2022 booking housing issuing haya card fans experience tournament cup 2022
Neutral,lusail sports club delivering world cup legacy ahead big kick official
Positive,glad offered role fifa world cup qatar 2022 take place next november believe opportunity would help gain experience learn people would come different continents cant wait
Negative,new fears environmental cost fifa world cup qatar 2022 despite stadiums within 34 miles
Negative,human rights watch urges fifa qatar compensate world cup workers
Positive,lusail sports club president club embodies societal legacy fifa cup starts role promoting practice football community level modern sports destination attracts lusail citys residents surrounding areas sports
Positive,darb lusail host several shows entertain visitors residents day night fifa world cup qatar 2022 official said
Negative,shame
Neutral,ryan giggs quits welsh manager ahead world cup qatar 2022
Neutral,wish would chosen opc booked accommodation would doubled cultural experience well live
Positive,explore beauty qatar authentic culture heritage tournament fifa world cup qatar 2022 give chance mesmerized popular cultural spots doha
Neutral,fifa world cup qatar 2022 countdown 84 days kicks
Neutral,85 days qatar 2022 prepared qatar
Neutral,watch preview shows fifa world cup 2022 countdown south america via
Neutral,day 9 asked conceive landing page idea fifa world cup qatar 2022
Neutral,fifa worldcup countdown clock
Neutral,fifa world cup qatar 2022 countdown 85 days kicks
Positive,workshop aimed improve health precautions provide insights training workers improve aspect hotel operations particularly country counts start fifa world cup qatar 2022
Positive,jets help provide security fifa world cup 2022
Positive,qatar beautified buildings preparation fifa world cup qatar 2022
Positive,go task best design landing page coming world cup 2022
Neutral,updated 2022 fan fest experience article many announcements qatar ensure fans many activation options visit updates
Negative,world cup biggest injustice humanity fifa sold world cup qatar money footballers participating world cup need raise voice issue thousands constructions workers died constructions world cup
Neutral,doha based fan mitch scott believes qatar welcoming nature leave 1 impression visitors
Positive,asian sponsor fifa world cup qatar 2022 cheers fifa world cup 50 commission investment pm detail tg
Neutral,ready fifa world cup qatar 2022
Neutral,qatar 2022 world cup begins nov 20 fifa
Positive,pakistan offers extra security qatar 2022 fifa world cup
Positive,ceo fifa world cup nasser al khater profits qatar 2022 could top 6 billion know visit
Neutral,fifa world cup qatar 2022 countdown 86 days kicks
Neutral,latest less three months go climbed number 3rd latest fifa ranking vamos la albiceleste
Negative,scam alert way guarantee tickets fifa world cup qatar 2022 via official ticket website tickets sale platforms may non existent fake leave pocket
Positive,experience best fifa world cup 2022 hand picked selection best tours excursions qatar available early booking discover qatar
Neutral,fifa world cup qatar 2022 official sticker collection album
Negative,strictly come dancing final taken air world cup
Neutral,event calendar fifa world cup qatar 2022
Neutral,ahmad bin ali stadium receives fans north south american teams participating fifa world cup qatar 2022 cup 2022
Neutral,new electronic visa soon offer card holders 60 days explore kingdom heritage gateway
Positive,one africa greatest ever players samuel eto attended special events cameroon senegal ghana promote upcoming fifa world cup qatar 2022
Positive,samuel eto promoting fifa world cup qatar 2022 african tour
Negative,chiliz looking score fifa world cup qatar 2022 latest blockchain remember world cup watched sport event demand chiliz surge quite lot therefore chiliz definitely bullish near future
Negative,rafique qatari company nasir bin abdullah amp sons didnt paid salaries provident funds several pakistani workers since 2017 really unfair qataren en
Positive,look soccer worldcup around corner already trending already feel hype coming
Negative,world cup final held muted mean design inspirations world cup final stadium find lesson 13 world cup english
Positive,ambitions take career fifa world cup qatar 2022 check new opportunities live hospitality venue transport management find match gt
Positive,qatar offer wide array entertainment options besides cultural adventure activities fans across globe fifa world cup qatar 2022
Positive,fifa world cup qatar 2022 projects boost national economy competitiveness ceo qiib
Neutral,ahmad bin ali stadium receives fans north south american teams participating fifa world cup qatar 2022
Negative,nations non qualification qatar 2022 fifa world cup safeguard possible future interference purely technical issues observe ministry functions presidency federations ministers sports briefs mr president
Positive,feel football fever countdown years fifa world cup 87 days go ready
Neutral,fifa reporting ticket sales 2 45 million qatar 2022 world cup kicks november 17
Positive,futebol going amazing event
Neutral,fifa world cup qatar 2022 countdown 87 days kicks
Neutral,buy qatar 2022 tickets crypto nft
Neutral,check sports predictions qatar 2022 worldcup via
Neutral,cherish ultra modern vocabulary words learn world cup english lesson 12 khalifa international stadium contact us get knowledge things qatar world cup learn english beautiful game
Neutral,video welcome fifa world cup 2022 fans holders hayya card spend 60 days kingdom world cup season en
Negative,rights fifa needs work qatari authorities set aside least 440 million equivalent prize money provided 2022 world cup teams invest funds compensate workers improve worker protections
Negative,cw worker death amp abuse least 6 750 migrant workers died qatar since fifa announced world cup 2010 counts 5 countries india pakistan nepal bangladesh amp sri lanka ht amp rights
Positive,cool see people managed build exceptional venues amazing mix
Neutral,honour pak army pak army picked fifa world cup qatar 2022 20 000 officials start reaching doha starting next month pak qatar together stand
Neutral,road qatar 2022 87 days go excitement everywhere qatar set host fifa world cup qatar looking forward world cup next months gupa w
Positive,ceo fifa world cup qatar 2022 nasser al khater said fifa estimates world cups returns could reach 6 billion
Neutral,plans review regarding transfer saudi fans qatar land crossing stated ceo fifa world cup qatar 2022 nasser al khater
Neutral,bsc hype coming around world fan favorite dogs already bsc mascot fifa world cup
Neutral,sale huge impact niche item news memorability easy say easy spell possibilities one click
Neutral,nff faces legal tussle qatar 2022 fifa world cup media slots
Positive,first ever lusail super cup set sold next 48 hours ceo fifa world cup qatar 2022 nasser al khater said egyptian superstar also performing iconic 80 000 seat venue september 9 secured tickets
Neutral,8 7 number days year certain born adding fifa world cup trophy cabinet
Neutral,live world cup fifa 2022 experience aximtrade ready lifetime experience one 10 lucky traders win vip trip world cup qatar 2022 1 trade 2 win 3 pack bags discover
Positive,myriam fares performs opening 2022 world cup qatar
Neutral,futebol truly think coming home know huge amounts england fans going support three lions
Positive,ceo fifa world cup qatar 2022 nasser al khater said fifa estimates world cup returns could reach 6 billion
Negative,israeli apartheid sends gazan fans world cup seems twitter doesnt want video youtube link attached
Positive,fifa world cup qatar 2022 returns could reach 6 billion nasser al khater
Positive,nasser al khater qna world cup returns could reach 6 billion
Positive,al khater revenues may 6 billion dollars according fifa estimates
Positive,aim symposium prepare aspetars medical staff fifa world cup qatar 2022
Positive,food beverage businesses qatar invited support upcoming fifa world cup
Neutral,love soccer opportunity travel qatar november worry watching fifa world cup qatar 2022 home city could fun eight official stadiums
Positive,food amp beverage businesses qatar invited support upcoming fifa world cup
Negative,pak army providing security fifa world cup qatar insulting citizen pak armed forces protecting borders rather providing service security company foreign country amp sporting event
Positive,communications regulatory authority cra affirms providing high quality services fifa world cup qatar 2022
Positive,general authority customs integrated coordination supreme committee delivery amp legacy sc comprehensive support 24 hours day 7 days week
Positive,hosting first carbon 0 football ever 2022 use solar powered stadiums groundbreaking cooling lighting technology
Neutral,stock available subbuteoworld official licensed fifa world cup trophy qatar 2022 available 70mm 100mm 150mm
Positive,fifa world cup trophy tour resumes 32 qualified nations visited first time ever
Negative,one problems going watch reliable affordable platform
Positive,cant believe amazing artists contributing make world cup exceptional one kind
Positive,making medical workforce ready world cup qatar 2022
Positive,mass casualty simulation exercise held ahead fifa world cup
Positive,general authority customs held coordination meeting customs support teams part authoritys preparations important international events qatar hosting notably
Neutral,fifa world cup around corner read
Positive,sc hospitality invite food beverage businesses qatar deliver concession stands
Negative,sportswashing homophobia anti union anti worker policies
Neutral,fifa world cup qatar 2022 countdown 88 days kicks
Neutral,felix afena gyan move cremonese roma young ghanaian striker game time ahead 2022 fifa world cup
Negative,please take issue rampant corruption countries like brazil corrupt officials openly supporting praful patels world world leaders something bribing qatar got world c
Neutral,official fifa announce qatar vs ecuador played nov 20 making opening match 2022 world cup
Positive,lets enjoying relaxing waiting greatest football tourmament earth year gt fifa world cup qatar 2022 panini sticker qatar 2022 album games online
Neutral,arhbo new single fifa world cup qatar 2022 official soundtrack released week
Negative,four qatar 2022 fifa world cup sponsors addressing migrant worker risk
Negative,sponsors engaged issues related migrant workers faced human rights breaches build biggest event international football
Positive,enable visitors especially upcoming fifa world cup qatar 2022 process complete digital payments qcb added
Positive,three day workshop organised safety amp security operations committee ssoc fifa world cup qatar 2022 co operation international criminal police organisation interpol represented stadia project
Positive,workshop police cooperation within security preparations qatar 2022 opens
Negative,fifa urged speed response appeal case ecuador player chile claim played ineligible world cup qualifying read
Negative,lgbtq spectators guaranteed safety migrant workers injured died migrant labourers deported protesting thought awarding good idea
Negative,still dont understand calculation 13 europe everywhere else 5 4 countries need educated
Negative,whats en workers building country bringing prosperity thank brutal working conditions months without pay deportations arrests disgusting
Neutral,11 day children event feature 27 teams 24 countries education city stadium one eight venues qatar 2022
Neutral,learn lusail stadium host lusail super cup 9 september final 18 december
Negative,controversial 2022 fifa world cup took spotlight week qatar detained least 60 migrant labourers protesting working conditions middle eastern country
Neutral,could agree african teams going give 120 years
Positive,arhbo new single official soundtrack featuring available streaming services friday 26 august
Negative,dubai united arab emirates ap qatar recently arrested least 60 foreign workers protested going months without pay deported advocacy group said three months doha hosts 2022 fifa world cup
Positive,mass casualty simulation exercise held ahead fifa world cup qatar 2022
Neutral,countdown champs 90 days start 2022 world cup
Negative,less 90 days kick migrant workers building parts world cups venues many died payed workers protesting wage theft arrested qatari authorities
Neutral,fifa world cup qatar 2022 countdown 89 days kicks
Negative,greek pm accepted qatar princes invitation watch despite fact thousand migrants working slaves died venues construction support saudi arabia prince searches bloody dollars qatar
Positive,great news upcoming soccer world cup assist providing security mega football event heroes continue make us proud every time
Positive,signing agreement state qatar pakistan army provision security upcoming fifa world cup 2022 2022
Neutral,reference fifa world cup qatar 2022 match schedule
Positive,federal cabinet monday approved signing agreement state qatar pakistan army provision security upcoming fifa world cup 2022 general bajwa pakistan army
Positive,pakistan army provide security qatar 2022 fifa world cup
Positive,gearing host football fans across globe fifa qatar 2022 dedicated set across emirate
Positive,pakistan army assist qatar security fifa world cup
Neutral,less 100 days qatar 2022 world cup take place top countries compete 2022 world cup qatar trophy prepare world cup need know guide qatar 2022 fifa world cup read
Positive,fifa world cup qatar 2022 approaching several companies opening branches country boosting demand office space supply
Positive,gearing host football fans across world fifa qatar 2022 dedicated fan zones set across emirate
Neutral,qatar 2022 dress code tourists fifa world cup host country
Positive,pakistan approved agreement provide security football world cup qatar federal info minister talking foreign news agency said cabinet approved security agreement qatar
Negative,hotel hosting failed pay workers overtime owes money even wealthy players tourists sleep facilities morgs report findings
Positive,qatar 2022 fifa president briefs greek prime minister world cup latest preparations cup 2022
Neutral,find venue year fifa world cup final
Negative,controversy continues 60 migrant workers arrested protesting dire conditions
Negative,ever wonder owns media rights defined fifa tv radio mobile internet country others check list media rights around world
Positive,google pixel kfc delivery signed sponsor itv fifa world cup qatar 2022 coverage details
Positive,federal cabinet monday approved agreement qatar pakistan army security fifa world cup 2022 scheduled held gulf state later year
Positive,icymi released second official 2022 single arhbo featuring although arhbo means welcome english qatar necessarily opening arms every tourist
Neutral,fifa world cup qatar 2022 countdown 90 days kicks
Positive,army ensure world cup 2022 security
Neutral,90 days away start heres first many facts bring preparation big event time featuring legend
Negative,late pay 1 2 3 4 days happen imagine 7 months without pay foreign worker environment air conditioning living quarters avg temp 105 106
Positive,pakistan army assist qatar security upcoming fifa world cup 2022 federal cabinet gave approval pakistan army qatar agreement providing assistance mega football event
Neutral,relentless asamoah gyan says wants earn black stars call fifa 2022 world cup
Negative,three months doha hosts 2022 fifa world cup reportedly deported least 60 foreign workers recently arrested protested spending months without pay
Neutral,new emir hh amp greek pm k visit qatar olympic amp sports museum 3 2 1 qatar fifa22 fifaworldcup olympic
Positive,government qatar requested government pakistan provide security personnel enhanced protection request pakistan army shall deployed qatar security fifa 2022 world cup
Positive,taking fans fifa world cup making 5000 fan dreams reality part historic event contact us today official hospitality packages
Positive,pakistan army assist qatar security upcoming fifa world cup 2022
Neutral,108 days go qatar hosts first middle east arab world
Positive,fifa saturday released second single fifa world cup qatar 2022 official soundtrack single arhbo features congolese french rapper gims latin grammy winning puerto rican artiste ozuna warning enough enough chi chi neto
Positive,fifa released second official soundtrack world cup qatar 2022 soundtrack arhbo featuring congolese french rapper gims latin grammy winning puerto rican artist
Neutral,booked tickets fifa world cup qatar 2022 reel instgram instagram social media platforms see 20th november 18th december 2022
Negative,itv fifa world cup qatar 2022 coverage jointly sponsored world cup event become controversial qatar host nation due human rights concerns sponsors include
Neutral,2022 hyundai kona electric makes every drive enjoyable front ventilated heated seats book test drive get chance win trip fifa world cup qatar 2022 details call 97310 97310 visit
Neutral,guus hiddink help australias world cup build
Positive,qatar foundation reesha performing arts festival preparing showcase talents young innovative artists within qatar region global audiences fifa world cup qatar 2022
Negative,watch fifa world cup qatar youre part problem
Neutral,2022 hyundai kona electric makes every drive enjoyable front ventilated heated seats book test drive get chance win trip fifa world cup qatar 2022 know
Positive,fifa world cup qatar 2022 projects boost national economic competitiveness
Negative,argentinian mafia fifa world cup qatar 2022
Negative,qatar 2022 fifa world cup hospitality booking website previously displayed palestinian territory occupied changed palestine amp received mixed reactions palestinian pro palestine activists praising move zionist supporters deeming disgraceful
Positive,fifa released second single fifa world cup qatar 2022 official soundtrack
Negative,nff says eguavoen amuneke caused nigeria qatar 2022 fifa world cup ticket loss
Neutral,2022 fifa world cup countdown 91 days
Neutral,booked tickets events amp activities look forward trip
Positive,new song fits nicely whole world cup football fanatics vibe awesome know whole soundtrack going killer master
Positive,fifa world cup qatar 2022 projects boost national economy competitiveness
Positive,new track dope cant get head dont say didnt warn yall
Positive,moph collaborate organize mass casualty simulation exercise ahead fifa cup
Negative,room indiscrimination fifa unification fans around world qatars deeply ingrained tradition unthinkable sports adventures lot visitors explore
Positive,fifa world cup qatar 2022 projects enhance competitiveness national economy
Positive,mass loss simulation exercise conducted fifa world cup qatar 2022
Neutral,delegation visits build world cup 2022
Neutral,mens 2022 fifa world cup qatar begin day earlier originally scheduled
Negative,4 19 sponsors cup engaging risks migrant workers school report minus time running
Negative,4 19 sponsors engaging risks migrant workers bhrrcs lack transparent info amp failure brands show assess risk alarming big name brands remain silent
Positive,amazing total around round 2 45 million tickets world cup 2022 sold till high tickets demand read
Negative,fifa change qatar 2022 world cup kick date
Neutral,fifa world cup qatar 2022 countdown 92 days kicks
Positive,fifa world cup qatar 2022 getting everyday closer better get flight ticket soon possible assure best deal
Positive,four years successfully concluded moscow east set host worlds viewed sporting spectacle
Positive,qatar sends 1 300 buses onto streets fifa world cup transport test
Positive,enthusiastic football fans brazil argentina ecuador uruguay canada usa mexico costa rica taking part north amp south american fan leader activation programme conducted fifa world cup qatar 2022 organisers ahmed bin ali stadium doha saturday
Positive,fifa released latest single multi song 2022 official soundtrack named arhbo 20 august 2022 song directed kuwaiti director jassim abdullah al harban
Positive,fifa world cup qatar 2022 ticket sales reached 2 45 million fifa said thursday 500 000 seats still available three months tournament starts qatar link information
Neutral,3 months go matches dont forget check hot spots msheireb youll find want amp heres suggest qatar
Neutral,asian champions set participate four nation tournament austria part qatar 2022 preparations
Positive,damn fifa world cup ost catchy
Positive,oman air operate 48 match day shuttle flights muscat doha fifa world cup
Positive,fifa world cup qatar 2022 2 45 mln tickets sold
Neutral,started countdown 93 days left think favourite win
Neutral,fifa world cup qatar 2022 countdown 93 days kicks
Positive,qatar museums fire station preparing participate creative events accompanying fifa world cup qatar 2022
Positive,upcoming fifa world cup qatar 2022 really special one
Neutral,world cup odds available
Neutral,tunisian football federation announced tunisia play friendly match brazil part preparations fifa world cup qatar 2022 read
Negative,originally ordered replay qualifier following chaotic abandonment last year match would dead rubber agreement reached cancel
Negative,9000 construction workers died building world cup outrage read report showing latest crimes 2022 fifa world cup qatar2022
Neutral,ghana face brazil tunisia 23 amp 27 september respectively friendlies 3 countries seek finalize preparations ahead 2022 venue games yet announced
Neutral,qatar national football team play three friendly games august prepare 2022 fifa world cup
Neutral,black stars line friendly brazil friday september 23 2022 ahead qatar
Positive,announced thursday 2 45 million tickets sold qatar total 520 532 tickets sold last sales period running july 5 august 16 fifa world cup held november 20 december 18
Negative,work like robots discrimination exploitation migrant workers fifa world cup qatar 2022 hotels
Positive,stimulate transport world cup approx 4000 electric ac buses amp 14000 drivers cctv cameras smooth experience fans
Negative,9000 construction workers died building world cup tournament outrage free report shows latest crimes injustices leading 2022 fifa world cup
Neutral,travel tips world cup tourists 100 days go fifa world cup qatar 2022 tm
Negative,teams amp players begin speak amp big brands remain silent 47 fifa partners amp 35 wc sponsors public human rights policy
Negative,100 days go till sponsors amp sponsors failed disclose crucial information human rights amp recruitment risk management four 19 sponsors approached migrant worker risks responded 1
Neutral,fifa world cup qatar 2022 logo png vector
Positive,ticket sales reach 2 45 million 2022 fifa world cup
Neutral,2022 hyundai kona electric designed drive future comes dc quick charging 57 min one kind experience book test drive today get chance win trip two fifa world cup qatar 2022
Neutral,side 2022 qatar world cup know visit website
Neutral,pod alert look journey back redemption shoulders new generation ft editor one hottest takes series far
Neutral,1 check fifa qatar 2022 portal dropped seeing 3 pages options coveted 25 27 nov weekend 2 checking world cup experience comes 10 nts 4 hope post article days
Positive,fifa world cup qatar 2022 ticket sales hit 2 45 million
Neutral,eighty lucky winners receive packages two people attend matches fifa world cup qatar 2022 hosted first time ever middle east
Neutral,tickets matches 5 lucky winners successfully apply covered card via adib mobile banking app 31 aug amp get 2 draw entries amp cs apply visit
Positive,bts perform world cup opening ceremony bts taken outstanding pace globalize new project emphasizing qatar world cup 2022 bts perform know visit website
Neutral,team ready fifa world cup qatar 2022 bfc collection reward holders world cup stay tuned
Neutral,academy en wague struggled acl injury past 18 months recapture form new club amp earn call two playes could face qatar amp sen
Positive,ticket sales reach 2 45 million 2022 world cup read
Neutral,2022 hyundai kona electric makes every drive enjoyable book test drive get chance win trip fifa world cup qatar 2022 know click
Positive,fifa world cup qatar 2022 ticket sales reach 2 45 million half million tickets sold latest sales period high demand arab region americas europe launch date next sales phase announced late september
Positive,let go doha fifa announced 2 45 million tix sold world cup qatar 2022 tickets high demand fans arab region americas europe plus going another sales phase announced late september
Positive,2 45 million tickets sold fifa world cup qatar 2022
Positive,qatar 2022 ticket sales reach 2 45 million
Positive,doubt amaze even expectations already super high cant waitttt
Neutral,fifa world cup qatar 2022 countdown 94 days kicks
Neutral,new work intern countdown begun 9 4 days go
Neutral,fifa world cup 2022 stadia education city fifa world cup takes place qatar 32 teams competing crowned world champions
Neutral,chance win fabulous prizes trip qatar fifa world cup qatar 2022 perform least 4 transactions using zenith bank visa debit prepaid card
Positive,dubai city amphitheatre 15 000 person facility dubai media city transformed fan zone event fifa world cup qatar 2022 management mcgettigans hospitality subscribe rundown
Neutral,64 matches ready dont miss fifa world cup qatar 2022 21 november 18 december
Negative,hotel hosting failed pay workers overtime owes money even wealthy players tourists sleep facilities coverage latest report
Positive,president korea meets deputy prime minister minister foreign affairs meeting reviewed bilateral cooperation state preparations host fifa world cup
Neutral,qatar 2022 world cup arabs saudi sports minister
Neutral,hyundai kona electric designed drive future comes dc quick charging 57 min one kind experience book test drive today get chance win trip two fifa world cup qatar 2022
Positive,ready biggest football event world stay tuned major news bring one step closer seat qatar ready fifa worldcup
Positive,tickets hospitality packages fifa world cup qatar 2022 lists pal stine country instead isra l according media reports
Negative,suprised delay world cups broadcast details dont surprise think people concern much going pay quality streaming times premium
Neutral,fifa world cup qatar 2022 exhibition opened oman
Neutral,adidas al rihla official match ball fifa world cup qatar 2022 soccer ball size 5 ebay
Negative,2022 world cup around goals scored amp champions crowned start celebrating thousands migrant workers helped build stadiums amp infrastructure died injured never paid time
Neutral,95 days go fifa world cup qatar 2022
Positive,qatar country stranger important contemporary public art works richard serra damien hirst transformed outdoor art museum experience ahead fifa world cup qatar 2022
Positive,ahead kick discover offer including mix modern traditional attractions provide something meaningful every fan
Neutral,fifa confirms changing date 2022 qatar world cup tournament begin november 20 instead november 21 three games scheduled get photo hayya card
Neutral,fifa world cup qatar 2022 countdown 95 days kicks
Neutral,read experience workers partner hotels hosting teams tourists latest report
Neutral,teranga lions senegal among 5 african teams qualified qatar 2022 fifa world cup played later year third time played 2002 2018 tournaments currently reigning african champions
Neutral,full page article qatar stars league second week matches first ever football match played fifa world cup qatar 2022 lusail stadium al rayyan al arabi historical facts qatari football written daily newspaper oslobodjenje
Neutral,visit qatar top 10 attractions world cup 2022 delhi november 28 ianslife prior start fifa world cup ten incredible new hotels activities announced qatar tourism
Neutral,heres complete guide havent yet applied hayya card
Positive,launches website highlighting 2022 healthcare objectives titled healthy fifa world cup qatar 2022 creating legacy sport health
Neutral,expectation future world cups always even
Neutral,97 days go six goals header non stop action one entertaining matches time
Positive,qatar anticipates 1 600 flights per day world cup
Positive,preparations motion 1 300 buses 9 routes 1 day tested thursday august 18 preparations fifa world cup qatar 2022 take place
Positive,achievement clearly proves efforts make world cup couldnt real
Neutral,b roll video release selected fifa world cup officials continue comprehensive preparation qatar 2022 world cup
Neutral,ready fifa world cup qatar 2022 hisense
Neutral,upcoming fifa world cup qatar 2022 partnership seen marketing images
Neutral,art excitement every 4 years beauty fifa world cup november one event focus dstv brings 64 matches world greatest football competition
Neutral,new post african country fifa world cup africa assemble
Positive,selected 1 5000 global excluding qatar volunteers makes feel really happy need decide travel said dates
Neutral,recent episode celebrates 100 days go fifa world cup qatar 2022
Neutral,fifa world cup qatar 2022 updated match schedule
Positive,bein sports twitter partner ahead fifa world cup qatar 2022
Positive,bein sports official broadcaster fifa world cup qatar 2022 across middle east north africa mena
Neutral,join celebration fifa fans join celebrations chance win category 1 tickets opening match doha festival city place vendome mall qatar
Neutral,96 days go fifa world cup qatar 2022
Positive,officials ramp preparations seminars held across three continents referees preparing use technology support
Neutral,fifa world cup 2022 stadia ahmad bin ali stadium fifa world cup takes place qatar 32 teams competing crowned world champions
Positive,bein sports partner ahead fifa world cup qatar 2022 tm
Neutral,fifa world cup match officials continue preparation qatar 2022 african sports monthly
Positive,biggest football festival earth fifaworldcup qatar2022 finally begin 97 days
Neutral,fifa world cup officials continue preparation qatar 2022
Neutral,verified countdown 100 days go kickoff fifa world cup qatar 2022
Negative,really calling israel occupied palestine stop antisemitic bs boycott fifa world cup 2022
Positive,incredible lusail stadium proud receive five star rating gsas largest capacity fifa world cup 2022 venue delivers lasting legacy beautiful infrastructure unique design 1 2
Positive,incredible lusail stadium proud receive five star rating gsas largest capacity 2022 venue delivers lasting legacy beautiful infrastructure unique design
Negative,corrupt sonia gandhi gave qatar 2022 world championship taking huge bribe praful patel corrupt sonia gandhi corrupt praful patel fifa mocking india
Positive,official website booking match tickets lists country instead thanks lot
Positive,lebanese pop star myriam fares preparing song fifa world cup qatar 2022
Neutral,getting closer counting canada odds qatar 2022
Neutral,fifa world cup qatar 2022 countdown 97 days kicks
Positive,fifa world cup qatar 2022 fifa holds 3 seminars preparing referees qatar 2022
Neutral,daytrip fans attending fifa world cup qatar 2022 apply hayya card
Positive,15 000 cameras monitored aspire command control center world cup 2022
Negative,families workers died make qatar 2022 possible may choice send children work early marriage make ends meet chance remedy hr abuses committing remedy families
Positive,italian pierluigi collina chairman fifa referees committee explained mission preparing referees world cup avoid use technology endorsement prevent human error game
Negative,sign share petition bring visibility human rights violations
Positive,lusail stadium becomes seventh fifa world cup qatar 2022 venue receive global sustainability assessment system gsas certification monday venue awarded class certificate construction management five star rating design build
Neutral,im delighted announce wait almost deal 100 done im excited looking forward see soon
Neutral,favourites heading years opta predictions reigning champions france lead way chance repeating watch find nations fall
Neutral,leaks ridiculous clickbait less 100 days jersey designs released fans going time support team w kit purchase weve since march get sh together
Neutral,anthony taylor allowed play part upcoming fifa world cup qatar 2022 performances weekend serve deterrent avoid unexpected outcomes could lead
Positive,wonderful see excited players willing shine im dying see there
Positive,99 im excited finally see live amazing stadiums
Positive,definitely world cup far indisputable
